firm_name,firm_type,type_confidence,type_basis,street,city,region,postcode,country,address_basis,website,website_basis,principal_name,principal_title,principal_control_basis,principal_location,principal_phone,principal_phone_basis,principal_email,principal_email_basis,second_principal_name,second_principal_title,recent_signal_count,latest_signal_date,latest_signal,latest_signal_basis,registry_id,discovery_channels,rules_matched
"Kopp Family Office, LLC",single_family_office,0.85,"the firm itself or a statutory registry states: ""Institutional Investment Manager Filing this Report: Name: Kopp Family Office, LLC Address: 8400 NORMANDALE LAKE BOULEVARD SUITE 1450 BLOOMINGTON , MN 55437"" — https://www.sec.gov/Archives/edgar/data/1683689/000168368921000004/xslForm13F_X01/primary_doc.xml","701 CARLSON PARKWAY, SUITE 1030",BLOOMINGTON,MN,55305,United States,"the firm itself or a statutory registry states: ""Institutional Investment Manager Filing this Report: Name: Kopp Family Office, LLC Address: 8400 NORMANDALE LAKE BOULEVARD SUITE 1450 BLOOMINGTON , MN 55437"" — https://www.sec.gov/Archives/edgar/data/1683689/000168368921000004/xslForm13F_X01/primary_doc.xml",,could not verify: no own-domain website identified,John P. Flakne,Chief Financial Officer,,"BLOOMINGTON, MN",952-841-0450,published by the entity in its SEC registration record — https://data.sec.gov/submissions/CIK0001683689.json,,could not verify: no published address found for this firm,,,10,2026-07-09,"Kopp Family Office, LLC reported quarterly holdings (13F-HR)",13F-HR filed with the SEC on 2026-07-09,0001683689,sec_13f; sec_13dg,SFO-2
Duquesne Family Office LLC,single_family_office,0.93,"the firm itself or a statutory registry states: ""Institutional Investment Manager Filing this Report: Name: Duquesne Family Office LLC Address: 40 West 57th Street, 25th Floor New York , NY 10019"" — https://www.sec.gov/Archives/edgar/data/1536411/000153641124000007/xslForm13F_X02/primary_doc.xml","40 WEST 57TH STREET, 25TH FLOOR",New York,NY,10019,United States,"the firm itself or a statutory registry states: ""Institutional Investment Manager Filing this Report: Name: Duquesne Family Office LLC Address: 40 West 57th Street, 25th Floor New York , NY 10019"" — https://www.sec.gov/Archives/edgar/data/1536411/000153641124000007/xslForm13F_X02/primary_doc.xml",,could not verify: no own-domain website identified,Sue Meng,General Counsel,,"New York, NY",212-830-6500,published by the entity in its SEC registration record — https://data.sec.gov/submissions/CIK0001536411.json,,could not verify: no published address found for this firm,,,10,2026-05-15,Duquesne Family Office LLC reported quarterly holdings (13F-HR),13F-HR filed with the SEC on 2026-05-15,0001536411,sec_13f; sec_13dg,SFO-2
Pinnacle Family Office Investments L.P.,single_family_office,0.85,"the firm itself or a statutory registry states: ""Pinnacle Family Office Investments, L.P., a Texas limited partnership"" — https://www.sec.gov/Archives/edgar/data/1165244/000106299319004138/sched13g.htm","5910 NORTH CENTRAL EXPRESSWAY, SUITE 1475",DALLAS,TX,75206,United States,"the firm itself or a statutory registry states: ""Pinnacle Family Office Investments, L.P., a Texas limited partnership"" — https://www.sec.gov/Archives/edgar/data/1165244/000106299319004138/sched13g.htm",,could not verify: no own-domain website identified,,,,"DALLAS, TX",469-941-4146,published by the entity in its SEC registration record — https://data.sec.gov/submissions/CIK0001542604.json,,could not verify: no published address found for this firm,,,7,2026-02-13,Pinnacle Family Office Investments L.P. disclosed a passive stake above 5% (SCHEDULE 13G/A),SCHEDULE 13G/A filed with the SEC on 2026-02-13,0001542604,sec_13dg,SFO-2
"CASCADE INVESTMENT, L.L.C.",single_family_office,0.58,"a third-party profile database states: ""Cascade Investment, L.L.C. is an American holding company and private investment firm headquartered in Kirkland, Washington, United States."" — https://en.wikipedia.org/wiki/Cascade_Investment",2365 CARILLON POINT,KIRKLAND,WA,98033,United States,"a third-party profile database states: ""Cascade Investment, L.L.C. is an American holding company and private investment firm headquartered in Kirkland, Washington, United States."" — https://en.wikipedia.org/wiki/Cascade_Investment",https://cascadeassetmanagement.com/faqs/,"a third-party profile database states: ""Cascade Investment, L.L.C. is an American holding company and private investment firm headquartered in Kirkland, Washington, United States."" — https://en.wikipedia.org/wiki/Cascade_Investment",,,,"KIRKLAND, WA",4258897900,published by the entity in its SEC registration record — https://data.sec.gov/submissions/CIK0001052192.json,,could not verify: no published address found for this firm,,,10,2025-11-14,"CASCADE INVESTMENT, L.L.C. disclosed a passive stake above 5% (SCHEDULE 13G/A)",SCHEDULE 13G/A filed with the SEC on 2025-11-14,0001052192,sec_13dg,SFO-2
PITON CAPITAL PARTNERS LLC,single_family_office,0.85,"the firm itself or a statutory registry states: ""The Reporting Person is a pooled investment vehicle formed for the benefit of a single family and certain ""key employees"" (as defined in Investment Advisers Act Rule 202(a)(11)(G)-1 (the ""Family Offic"" — https://www.sec.gov/Archives/edgar/data/1023364/000110465920016295/tv537940_sc13ga.htm","C/O KOKINO LLC, 201 TRESSER BOULEVARD, 3RD FLOOR",STAMFORD,CT,06901,United States,"the firm itself or a statutory registry states: ""The Reporting Person is a pooled investment vehicle formed for the benefit of a single family and certain ""key employees"" (as defined in Investment Advisers Act Rule 202(a)(11)(G)-1 (the ""Family Offic"" — https://www.sec.gov/Archives/edgar/data/1023364/000110465920016295/tv537940_sc13ga.htm",,could not verify: no own-domain website identified,,,,"STAMFORD, CT",(405) 936-6220,published by the entity in its SEC registration record — https://data.sec.gov/submissions/CIK0001644342.json,,could not verify: no published address found for this firm,,,10,2024-05-14,PITON CAPITAL PARTNERS LLC disclosed an active stake above 5% (SC 13D/A),SC 13D/A filed with the SEC on 2024-05-14,0001644342,sec_13dg,SFO-2
Federated Capital,single_family_office,0.60,"page states: ""Andrew leads the investment team at Federated Capital, a private single family office."" — https://caasa.ca/archives/events/family-office-summit-2025",,,,,,could not verify: no street address on record,,could not verify: no own-domain website identified,Andrew Hamlin,Vide President and Portfolio Manager,,,,could not verify: no direct line established,,could not verify: no published address found for this firm,,,0,,,,,conference_programme,SFO-2
McPike Global Family Office,single_family_office,0.60,"page states: ""he moved internationally and currently sits on the investment committee for MGFO, a single-family office based out of the Bahamas"" — https://caasa.ca/archives/events/family-office-summit-2025",,,,,Bahamas,could not verify: no street address on record,,could not verify: no own-domain website identified,Drew Colaiezzi,Private Investments,,,,could not verify: no direct line established,,could not verify: no published address found for this firm,,,0,,,,,conference_programme,SFO-2
Coefficient,single_family_office,0.60,"page states: ""Abdalla Ali Co-Founder & Managing Partner, Coefficient (SFO), US & Middle East"" — https://mefamilyofficesummit.com/",,,,,United States,could not verify: no street address on record,,could not verify: no own-domain website identified,Abdalla Ali,Co-Founder & Managing Partner,,,,could not verify: no direct line established,,could not verify: no published address found for this firm,,,0,,,,,conference_programme,SFO-2
Medway Investments,single_family_office,0.60,"page states: ""Eric currently serves as Executive Board Director of Medway Investments, a single-family office guided by the purpose of Crafting Legacies That Prosperity Ensures."" — https://prestelandpartner.com/familyofficeforumsingapore.html",,,,,,could not verify: no street address on record,,could not verify: no own-domain website identified,Eric SayWei Neo,Executive Board Director,,,,could not verify: no direct line established,,could not verify: no published address found for this firm,,,0,,,,,conference_programme,SFO-2
Vedas Group,single_family_office,0.60,"page states: ""Shreyas Slater Chityala is Managing Partner of the Vedas Group - the Chityala Family Office; as well as CEO/Founder of Elevate Innovation Partners"" — https://prestelandpartner.com/familyofficeforumsingapore.html",,,,,,could not verify: no street address on record,,could not verify: no own-domain website identified,Shreyas Slater,Managing Partner,,,,could not verify: no direct line established,,could not verify: no published address found for this firm,,,0,,,,,conference_programme,SFO-2
Northern Trust Global Family Office,multi_family_office,0.60,"page states: ""Northern Trust Wealth Management has appointed Beata Kirr as Chief Investment Officer of Global Family Office (GFO)."" — https://www.linkedin.com/posts/real-assets-adviser_northern-trust-wealth-management-appoints-activity-7454522112104505346-N9zO",,,,,,could not verify: no street address on record,,could not verify: no own-domain website identified,Beata Kirr,Chief Investment Officer,,,,could not verify: no direct line established,,could not verify: no published address found for this firm,,,0,,,,,news,MFO-1
Quanon Capital,single_family_office,0.60,"page states: ""From the Corporate Family Business background, Bilal Zein is the head of a Single Family Office he set up in 2001 in London."" — https://prestelandpartner.com/familyofficeforumlondon.html",,,,,United Kingdom,could not verify: no street address on record,,could not verify: no own-domain website identified,Bilal Zein,COO,,,,could not verify: no direct line established,,could not verify: no published address found for this firm,,,0,,,,,news,SFO-2
Cascade Investments,single_family_office,0.60,"page states: ""Cascade Investments (Bill Gates), Bezos Expeditions (Jeff Bezos) and Bayshore Global Management (Sergey Brin) are some of the largest single-family offices in the United States."" — https://creativeplanning.com/insights/family-office/single-family-office/",,,,,United States,could not verify: no street address on record,,could not verify: no own-domain website identified,Bill Gates,,,,,could not verify: no direct line established,,could not verify: no published address found for this firm,,,0,,,,,news,SFO-2
Bezos Expeditions,single_family_office,0.60,"page states: ""Cascade Investments (Bill Gates), Bezos Expeditions (Jeff Bezos) and Bayshore Global Management (Sergey Brin) are some of the largest single-family offices in the United States."" — https://creativeplanning.com/insights/family-office/single-family-office/",,,,,United States,could not verify: no street address on record,,could not verify: no own-domain website identified,Jeff Bezos,,,,,could not verify: no direct line established,,could not verify: no published address found for this firm,,,0,,,,,news,SFO-2
Bayshore Global Management,single_family_office,0.60,"page states: ""Cascade Investments (Bill Gates), Bezos Expeditions (Jeff Bezos) and Bayshore Global Management (Sergey Brin) are some of the largest single-family offices in the United States."" — https://creativeplanning.com/insights/family-office/single-family-office/",,,,,United States,could not verify: no street address on record,,could not verify: no own-domain website identified,Sergey Brin,,,,,could not verify: no direct line established,,could not verify: no published address found for this firm,,,0,,,,,news,SFO-2
FRANCIS FAMILY OFFICE LIMITED,single_family_office,0.85,UK Persons with Significant Control register names Mr Benjamin David Francis as controlling FRANCIS FAMILY OFFICE LIMITED — https://find-and-update.company-information.service.gov.uk/company/12706913,Gshq Blythe Valley Park,Solihull,,B90 8AB,United Kingdom,filed on the UK register for company 12706913 — https://find-and-update.company-information.service.gov.uk/company/12706913,,could not verify: no own-domain website identified,Mr Benjamin David Francis,Person with significant control,ownership of shares 75 to 100 percent; voting rights 75 to 100 percent; right to appoint and remove directors,England,,could not verify: no direct line published,,could not verify: no published address found for this firm,"FRANCIS, Joseph John",Director,3,2020-06-30,"FRANCIS, Benjamin David was appointed a director of FRANCIS FAMILY OFFICE LIMITED",filed on the UK register for company 12706913,12706913,companies_house,SFO-1
POWER & CO. FAMILY OFFICE LTD.,single_family_office,0.85,UK Persons with Significant Control register names Mr Edward Power as controlling POWER & CO. FAMILY OFFICE LTD. — https://find-and-update.company-information.service.gov.uk/company/14781766,71-75 Shelton Street,London,,WC2H 9JQ,United Kingdom,filed on the UK register for company 14781766 — https://find-and-update.company-information.service.gov.uk/company/14781766,,could not verify: no own-domain website identified,Mr Edward Power,Person with significant control,ownership of shares 75 to 100 percent; voting rights 75 to 100 percent; right to appoint and remove directors,United Kingdom,,could not verify: no direct line published,,could not verify: no published address found for this firm,,,1,2023-04-05,"POWER, Edward was appointed a director of POWER & CO. FAMILY OFFICE LTD.",filed on the UK register for company 14781766,14781766,companies_house,SFO-1
TANDON FAMILY OFFICE LIMITED,single_family_office,0.85,UK Persons with Significant Control register names Hemant Tandon as controlling TANDON FAMILY OFFICE LIMITED — https://find-and-update.company-information.service.gov.uk/company/14823039,Tandon House,Croydon,,CR0 1JB,United Kingdom,filed on the UK register for company 14823039 — https://find-and-update.company-information.service.gov.uk/company/14823039,,could not verify: no own-domain website identified,Hemant Tandon,Person with significant control,ownership of shares 25 to 50 percent; voting rights 25 to 50 percent,United Kingdom,,could not verify: no direct line published,,could not verify: no published address found for this firm,Mr Manoj Tandon,Person with significant control,2,2023-04-24,"TANDON, Hemant Kumar was appointed a director of TANDON FAMILY OFFICE LIMITED",filed on the UK register for company 14823039,14823039,companies_house,SFO-1
FENTON FAMILY OFFICE LIMITED,single_family_office,0.85,UK Persons with Significant Control register names Mrs Emily Victoria Fenton as controlling FENTON FAMILY OFFICE LIMITED — https://find-and-update.company-information.service.gov.uk/company/14695938,Priebe Building,Hereford,,HR4 9DX,United Kingdom,filed on the UK register for company 14695938 — https://find-and-update.company-information.service.gov.uk/company/14695938,,could not verify: no own-domain website identified,Mrs Emily Victoria Fenton,Person with significant control,ownership of shares 25 to 50 percent; voting rights 25 to 50 percent; right to appoint and remove directors,United Kingdom,,could not verify: no direct line published,,could not verify: no published address found for this firm,Mr Thomas Ashley Fenton,Person with significant control,2,2023-02-28,"FENTON, Emily Victoria was appointed a director of FENTON FAMILY OFFICE LIMITED",filed on the UK register for company 14695938,14695938,companies_house,SFO-1
STADDEN FORBES FAMILY OFFICE LTD,single_family_office,0.85,UK Persons with Significant Control register names Mr Robert Forbes as controlling STADDEN FORBES FAMILY OFFICE LTD — https://find-and-update.company-information.service.gov.uk/company/09260947,Aston House,London,,N3 1LF,United Kingdom,filed on the UK register for company 09260947 — https://find-and-update.company-information.service.gov.uk/company/09260947,,could not verify: no own-domain website identified,Mr Robert Forbes,Person with significant control,ownership of shares 75 to 100 percent,England,,could not verify: no direct line published,,could not verify: no published address found for this firm,,,1,2014-10-13,"FORBES, Robert was appointed a director of STADDEN FORBES FAMILY OFFICE LTD",filed on the UK register for company 09260947,09260947,companies_house,SFO-1
PETERS FAMILY INVESTMENT COMPANY LIMITED,single_family_office,0.85,UK Persons with Significant Control register names Mr Christopher Joseph Peters as controlling PETERS FAMILY INVESTMENT COMPANY LIMITED — https://find-and-update.company-information.service.gov.uk/company/14307671,4 Reading Road,Reading,Berkshire,RG8 7LY,United Kingdom,filed on the UK register for company 14307671 — https://find-and-update.company-information.service.gov.uk/company/14307671,,could not verify: no own-domain website identified,Mr Christopher Joseph Peters,Person with significant control,ownership of shares 25 to 50 percent,United Kingdom,,could not verify: no direct line published,,could not verify: no published address found for this firm,Mrs Sarah Adwalpalkar,Person with significant control,2,2022-08-19,"PETERS, James Edward was appointed a director of PETERS FAMILY INVESTMENT COMPANY LIMITED",filed on the UK register for company 14307671,14307671,companies_house,SFO-1
MOORS FAMILY INVESTMENT COMPANY LIMITED,single_family_office,0.85,UK Persons with Significant Control register names Paul Moors as controlling MOORS FAMILY INVESTMENT COMPANY LIMITED — https://find-and-update.company-information.service.gov.uk/company/13304139,Devisdale House 45 Dunham Road,Altrincham,Cheshire,WA14 4QG,United Kingdom,filed on the UK register for company 13304139 — https://find-and-update.company-information.service.gov.uk/company/13304139,,could not verify: no own-domain website identified,Paul Moors,Person with significant control,ownership of shares 75 to 100 percent; voting rights 75 to 100 percent; right to appoint and remove directors,England,,could not verify: no direct line published,,could not verify: no published address found for this firm,"MOORS, Lesley Anne",Director,2,2021-05-11,"MOORS, Lesley Anne was appointed a director of MOORS FAMILY INVESTMENT COMPANY LIMITED",filed on the UK register for company 13304139,13304139,companies_house,SFO-1
KNOWLES FAMILY INVESTMENT COMPANY LIMITED,single_family_office,0.85,UK Persons with Significant Control register names Eleanor Charlotte Knowles as controlling KNOWLES FAMILY INVESTMENT COMPANY LIMITED — https://find-and-update.company-information.service.gov.uk/company/14858794,Hallfields Crown Street,Colchester,Essex,CO7 6AG,United Kingdom,filed on the UK register for company 14858794 — https://find-and-update.company-information.service.gov.uk/company/14858794,,could not verify: no own-domain website identified,Eleanor Charlotte Knowles,Person with significant control,ownership of shares 25 to 50 percent; voting rights 25 to 50 percent; right to appoint and remove directors,England,,could not verify: no direct line published,,could not verify: no published address found for this firm,Mr Zak Adam Knowles,Person with significant control,4,2025-03-03,"KNOWLES, Zak Adam was appointed a director of KNOWLES FAMILY INVESTMENT COMPANY LIMITED",filed on the UK register for company 14858794,14858794,companies_house,SFO-1
GERSHON FAMILY INVESTMENT GROUP LIMITED,single_family_office,0.85,UK Persons with Significant Control register names Mr Anthony Howard Gershon as controlling GERSHON FAMILY INVESTMENT GROUP LIMITED — https://find-and-update.company-information.service.gov.uk/company/14516277,Handel House,Edgware,,HA8 7DB,United Kingdom,filed on the UK register for company 14516277 — https://find-and-update.company-information.service.gov.uk/company/14516277,,could not verify: no own-domain website identified,Mr Anthony Howard Gershon,Person with significant control,ownership of shares 50 to 75 percent; voting rights 50 to 75 percent; right to appoint and remove directors,England,,could not verify: no direct line published,,could not verify: no published address found for this firm,"GERSHON, Hayley Lisa",Director,2,2022-11-30,"GERSHON, Anthony Howard was appointed a director of GERSHON FAMILY INVESTMENT GROUP LIMITED",filed on the UK register for company 14516277,14516277,companies_house,SFO-1
THE GOLDING FAMILY INVESTMENT COMPANY LIMITED,single_family_office,0.85,UK Persons with Significant Control register names Mr Barry Golding as controlling THE GOLDING FAMILY INVESTMENT COMPANY LIMITED — https://find-and-update.company-information.service.gov.uk/company/10440096,Unit 1 Gate Farm High Street,Chippenham,Wiltshire,SN15 4RE,United Kingdom,filed on the UK register for company 10440096 — https://find-and-update.company-information.service.gov.uk/company/10440096,,could not verify: no own-domain website identified,Mr Barry Golding,Person with significant control,ownership of shares 25 to 50 percent; voting rights 25 to 50 percent,United Kingdom,,could not verify: no direct line published,,could not verify: no published address found for this firm,Mrs Janice Elizabeth Golding,Person with significant control,2,2016-10-21,"GOLDING, Barry was appointed a director of THE GOLDING FAMILY INVESTMENT COMPANY LIMITED",filed on the UK register for company 10440096,10440096,companies_house,SFO-1
GERSHON FAMILY INVESTMENT LIMITED,single_family_office,0.85,UK Persons with Significant Control register names Mr Anthony Howard Gershon as controlling GERSHON FAMILY INVESTMENT LIMITED — https://find-and-update.company-information.service.gov.uk/company/11522146,Handel House,Edgware,,HA8 7DB,United Kingdom,filed on the UK register for company 11522146 — https://find-and-update.company-information.service.gov.uk/company/11522146,,could not verify: no own-domain website identified,Ab Group Limited,Person with significant control,ownership of shares 25 to 50 percent,,,could not verify: no direct line published,,could not verify: no published address found for this firm,Mr Anthony Howard Gershon,Person with significant control,2,2019-03-21,"THAKRAR, Bharat Kantilal was appointed a director of GERSHON FAMILY INVESTMENT LIMITED",filed on the UK register for company 11522146,11522146,companies_house,SFO-1
JOHN SYKES FAMILY INVESTMENT FUND LTD,single_family_office,0.85,"UK Persons with Significant Control register names SYKES, Annabelle Elizabeth as controlling JOHN SYKES FAMILY INVESTMENT FUND LTD — https://find-and-update.company-information.service.gov.uk/company/09586417",Unit 6a The Village,Reading,,RG1 2HG,United Kingdom,filed on the UK register for company 09586417 — https://find-and-update.company-information.service.gov.uk/company/09586417,,could not verify: no own-domain website identified,"STRONG, Andrew James",Director,,Thailand,,could not verify: no direct line published,,could not verify: no published address found for this firm,"SYKES, Annabelle Elizabeth",Director,3,2020-06-15,"SYKES, Annabelle Elizabeth was appointed a director of JOHN SYKES FAMILY INVESTMENT FUND LTD",filed on the UK register for company 09586417,09586417,companies_house,SFO-1
TYAGI FAMILY INVESTMENT COMPANY LTD,single_family_office,0.85,UK Persons with Significant Control register names Ms Niharika Tyagi as controlling TYAGI FAMILY INVESTMENT COMPANY LTD — https://find-and-update.company-information.service.gov.uk/company/07741390,Sonoma House,Chalfont St Giles,,HP8 4BL,United Kingdom,filed on the UK register for company 07741390 — https://find-and-update.company-information.service.gov.uk/company/07741390,,could not verify: no own-domain website identified,Ms Niharika Tyagi,Person with significant control,ownership of shares 25 to 50 percent,England,,could not verify: no direct line published,,could not verify: no published address found for this firm,Dr Rekha Gupta,Person with significant control,2,2026-01-01,"TYAGI, Niharika, Dr was appointed a director of TYAGI FAMILY INVESTMENT COMPANY LTD",filed on the UK register for company 07741390,07741390,companies_house,SFO-1
THE LANG FAMILY INVESTMENT COMPANY LIMITED,single_family_office,0.85,UK Persons with Significant Control register names Mr Stuart David Lang as controlling THE LANG FAMILY INVESTMENT COMPANY LIMITED — https://find-and-update.company-information.service.gov.uk/company/SC741739,C/O Johnston Carmichael,Edinburgh,,EH3 7PE,United Kingdom,filed on the UK register for company SC741739 — https://find-and-update.company-information.service.gov.uk/company/SC741739,,could not verify: no own-domain website identified,Mr Stuart David Lang,Person with significant control,ownership of shares 75 to 100 percent; voting rights 75 to 100 percent; right to appoint and remove directors,Scotland,,could not verify: no direct line published,,could not verify: no published address found for this firm,,,1,2022-08-18,"LANG, Stuart David was appointed a director of THE LANG FAMILY INVESTMENT COMPANY LIMITED",filed on the UK register for company SC741739,SC741739,companies_house,SFO-1
THE LEON FAMILY INVESTMENT COMPANY LIMITED,single_family_office,0.85,UK Persons with Significant Control register names Mr Roger Paul Leon as controlling THE LEON FAMILY INVESTMENT COMPANY LIMITED — https://find-and-update.company-information.service.gov.uk/company/14173108,C/O Progeny Law And Tax,Leeds,,LS1 4DL,United Kingdom,filed on the UK register for company 14173108 — https://find-and-update.company-information.service.gov.uk/company/14173108,,could not verify: no own-domain website identified,Mr Roger Paul Leon,Person with significant control,ownership of shares 25 to 50 percent as trust; voting rights 25 to 50 percent as trust,United Kingdom,,could not verify: no direct line published,,could not verify: no published address found for this firm,Mrs Regina Helen Leon,Person with significant control,2,2022-06-15,"LEON, Regina Helen was appointed a director of THE LEON FAMILY INVESTMENT COMPANY LIMITED",filed on the UK register for company 14173108,14173108,companies_house,SFO-1
SELLITTO FAMILY HOLDINGS LIMITED,single_family_office,0.85,UK Persons with Significant Control register names Miss Teresa Antonietta Sellitto as controlling SELLITTO FAMILY HOLDINGS LIMITED — https://find-and-update.company-information.service.gov.uk/company/10305447,21 Market Place,Northampton,,NN6 7RR,United Kingdom,filed on the UK register for company 10305447 — https://find-and-update.company-information.service.gov.uk/company/10305447,,could not verify: no own-domain website identified,Miss Teresa Antonietta Sellitto,Person with significant control,ownership of shares 75 to 100 percent; voting rights 75 to 100 percent; right to appoint and remove directors,England,,could not verify: no direct line published,,could not verify: no published address found for this firm,,,1,2016-08-01,"SELLITTO, Teresa Antonietta was appointed a director of SELLITTO FAMILY HOLDINGS LIMITED",filed on the UK register for company 10305447,10305447,companies_house,SFO-1
KENT FAMILY HOLDINGS LTD,single_family_office,0.85,UK Persons with Significant Control register names Mrs Maureen Hannah Kent as controlling KENT FAMILY HOLDINGS LTD — https://find-and-update.company-information.service.gov.uk/company/13891996,Chestnut Farmhouse Chestnut Lane,Nottingham,,NG11 0AE,United Kingdom,filed on the UK register for company 13891996 — https://find-and-update.company-information.service.gov.uk/company/13891996,,could not verify: no own-domain website identified,Mrs Maureen Hannah Kent,Person with significant control,ownership of shares 25 to 50 percent; voting rights 25 to 50 percent,England,,could not verify: no direct line published,,could not verify: no published address found for this firm,Mr John Arthur Kent,Person with significant control,1,2022-02-03,"KENT, Maureen Hannah was appointed a director of KENT FAMILY HOLDINGS LTD",filed on the UK register for company 13891996,13891996,companies_house,SFO-1
WHITEHEAD FAMILY HOLDINGS LIMITED,single_family_office,0.85,UK Persons with Significant Control register names John Crompton Whitehead as controlling WHITEHEAD FAMILY HOLDINGS LIMITED — https://find-and-update.company-information.service.gov.uk/company/14436123,"A E Yates Limited Cranfield Road, Lostock Industrial Estate",Bolton,Lancashire,BL6 4SB,United Kingdom,filed on the UK register for company 14436123 — https://find-and-update.company-information.service.gov.uk/company/14436123,,could not verify: no own-domain website identified,John Crompton Whitehead,Person with significant control,ownership of shares 75 to 100 percent; voting rights 75 to 100 percent; right to appoint and remove directors,England,,could not verify: no direct line published,,could not verify: no published address found for this firm,"ATKINSON, Helen Elizabeth",Director,4,2022-11-22,"ATKINSON, Helen Elizabeth was appointed a director of WHITEHEAD FAMILY HOLDINGS LIMITED",filed on the UK register for company 14436123,14436123,companies_house,SFO-1
GREEN FAMILY INVESTMENTS AND HOLDINGS LIMITED,single_family_office,0.85,UK Persons with Significant Control register names Mr James Adam Green as controlling GREEN FAMILY INVESTMENTS AND HOLDINGS LIMITED — https://find-and-update.company-information.service.gov.uk/company/13536845,Unit 1 Cherry Tree Industrial Estate,Doncaster,South Yorkshire,DN4 0BJ,United Kingdom,filed on the UK register for company 13536845 — https://find-and-update.company-information.service.gov.uk/company/13536845,,could not verify: no own-domain website identified,Mr James Adam Green,Person with significant control,ownership of shares 50 to 75 percent; voting rights 50 to 75 percent; right to appoint and remove directors,England,,could not verify: no direct line published,,could not verify: no published address found for this firm,Mr Paul Keith Green,Person with significant control,2,2021-07-29,"GREEN, James Adam was appointed a director of GREEN FAMILY INVESTMENTS AND HOLDINGS LIMITED",filed on the UK register for company 13536845,13536845,companies_house,SFO-1
QUINN FAMILY HOLDINGS LTD,single_family_office,0.85,UK Persons with Significant Control register names Mrs Rhiannon Sarah Kay Quinn as controlling QUINN FAMILY HOLDINGS LTD — https://find-and-update.company-information.service.gov.uk/company/09092103,Suite 7 Penrhos Manor,Colwyn Bay,,LL29 7YW,United Kingdom,filed on the UK register for company 09092103 — https://find-and-update.company-information.service.gov.uk/company/09092103,,could not verify: no own-domain website identified,Mrs Rhiannon Sarah Kay Quinn,Person with significant control,ownership of shares 25 to 50 percent; voting rights 25 to 50 percent,Wales,,could not verify: no direct line published,,could not verify: no published address found for this firm,Mr Andrew John Quinn,Person with significant control,2,2014-07-02,"QUINN, Rhiannon was appointed a director of QUINN FAMILY HOLDINGS LTD",filed on the UK register for company 09092103,09092103,companies_house,SFO-1
JOHNSON FAMILY HOLDINGS LIMITED,single_family_office,0.85,UK Persons with Significant Control register names Matthew David Johnson as controlling JOHNSON FAMILY HOLDINGS LIMITED — https://find-and-update.company-information.service.gov.uk/company/15766097,12 Hatherley Road,Sidcup,,DA14 4DT,United Kingdom,filed on the UK register for company 15766097 — https://find-and-update.company-information.service.gov.uk/company/15766097,,could not verify: no own-domain website identified,Matthew David Johnson,Person with significant control,ownership of shares 75 to 100 percent,England,,could not verify: no direct line published,,could not verify: no published address found for this firm,,,1,2024-06-06,"JOHNSON, Matthew David was appointed a director of JOHNSON FAMILY HOLDINGS LIMITED",filed on the UK register for company 15766097,15766097,companies_house,SFO-1
GATES FAMILY HOLDINGS LTD,single_family_office,0.85,UK Persons with Significant Control register names Mrs Jancis Elizabeth Gates as controlling GATES FAMILY HOLDINGS LTD — https://find-and-update.company-information.service.gov.uk/company/12410715,78 Loughborough Road,Quorn,Leicestershire,LE12 8DX,United Kingdom,filed on the UK register for company 12410715 — https://find-and-update.company-information.service.gov.uk/company/12410715,,could not verify: no own-domain website identified,Mrs Jancis Elizabeth Gates,Person with significant control,ownership of shares 25 to 50 percent; voting rights 25 to 50 percent,United Kingdom,,could not verify: no direct line published,,could not verify: no published address found for this firm,Mr Nigel Anthony Gates,Person with significant control,3,2025-05-31,"GATES, Jack Arthur was appointed a director of GATES FAMILY HOLDINGS LTD",filed on the UK register for company 12410715,12410715,companies_house,SFO-1
CARTER FAMILY HOLDINGS LIMITED,single_family_office,0.85,"UK Persons with Significant Control register names CARTER, Julie as controlling CARTER FAMILY HOLDINGS LIMITED — https://find-and-update.company-information.service.gov.uk/company/11889867",Swallow House,Washington,,NE37 1EZ,United Kingdom,filed on the UK register for company 11889867 — https://find-and-update.company-information.service.gov.uk/company/11889867,,could not verify: no own-domain website identified,"CARTER, David Michael",Director,,England,,could not verify: no direct line published,,could not verify: no published address found for this firm,"CARTER, Julie",Director,4,2019-03-18,"CARTER, David Michael was appointed a director of CARTER FAMILY HOLDINGS LIMITED",filed on the UK register for company 11889867,11889867,companies_house,SFO-1
CROSS FAMILY GROUP HOLDINGS LIMITED,single_family_office,0.85,UK Persons with Significant Control register names Cross Ft Limited as controlling CROSS FAMILY GROUP HOLDINGS LIMITED — https://find-and-update.company-information.service.gov.uk/company/NI629892,Killaney Lodge 19 Carryduff Road,Lisburn,,BT27 6TZ,United Kingdom,filed on the UK register for company NI629892 — https://find-and-update.company-information.service.gov.uk/company/NI629892,,could not verify: no own-domain website identified,Cross Ft Limited,Person with significant control,ownership of shares 75 to 100 percent as trust; voting rights 75 to 100 percent as trust,,,could not verify: no direct line published,,could not verify: no published address found for this firm,Dr Terence Martin Cross,Person with significant control,3,2019-09-05,"CROSS, Patrick Martin was appointed a director of CROSS FAMILY GROUP HOLDINGS LIMITED",filed on the UK register for company NI629892,NI629892,companies_house,SFO-1
KING FAMILY HOLDINGS LIMITED,single_family_office,0.85,UK Persons with Significant Control register names Mr Nelson Melvyn King as controlling KING FAMILY HOLDINGS LIMITED — https://find-and-update.company-information.service.gov.uk/company/10178432,116 Ollerton Road,Retford,Nottinghamshire,DN22 7TH,United Kingdom,filed on the UK register for company 10178432 — https://find-and-update.company-information.service.gov.uk/company/10178432,,could not verify: no own-domain website identified,Mr Nelson Melvyn King,Person with significant control,ownership of shares 25 to 50 percent as trust; voting rights 25 to 50 percent as trust,England,,could not verify: no direct line published,,could not verify: no published address found for this firm,Tristan Anthony King,Person with significant control,3,2016-05-13,"KING, Beverley Ann was appointed a director of KING FAMILY HOLDINGS LIMITED",filed on the UK register for company 10178432,10178432,companies_house,SFO-1
BENNETT FAMILY HOLDINGS LTD,single_family_office,0.85,UK Persons with Significant Control register names Ms Jane Yvonne Bennett as controlling BENNETT FAMILY HOLDINGS LTD — https://find-and-update.company-information.service.gov.uk/company/14587156,120 High Street,Brentwood,Essex,CM14 4AS,United Kingdom,filed on the UK register for company 14587156 — https://find-and-update.company-information.service.gov.uk/company/14587156,,could not verify: no own-domain website identified,Ms Jane Yvonne Bennett,Person with significant control,ownership of shares 50 to 75 percent; voting rights 50 to 75 percent; right to appoint and remove directors,United Kingdom,,could not verify: no direct line published,,could not verify: no published address found for this firm,Richard Bennett,Person with significant control,1,2023-01-12,"BENNETT, Jane Yvonne was appointed a director of BENNETT FAMILY HOLDINGS LTD",filed on the UK register for company 14587156,14587156,companies_house,SFO-1
LINTON FAMILY (HOLDINGS) LTD,single_family_office,0.85,UK Persons with Significant Control register names Linton Holdings Limited as controlling LINTON FAMILY (HOLDINGS) LTD — https://find-and-update.company-information.service.gov.uk/company/00392482,The Maple Building,London,,NW5 1RT,United Kingdom,filed on the UK register for company 00392482 — https://find-and-update.company-information.service.gov.uk/company/00392482,,could not verify: no own-domain website identified,Linton Holdings Limited,Person with significant control,ownership of shares 75 to 100 percent; voting rights 75 to 100 percent,,,could not verify: no direct line published,,could not verify: no published address found for this firm,"EGERTON, Selina Natalie Linton",Director,3,2023-06-28,"LINTON, Vivienne Jennifer was appointed a director of LINTON FAMILY (HOLDINGS) LTD",filed on the UK register for company 00392482,00392482,companies_house,SFO-1
REISS FAMILY HOLDINGS LIMITED,single_family_office,0.85,UK Persons with Significant Control register names Reiss Family Group Investments Ltd as controlling REISS FAMILY HOLDINGS LIMITED — https://find-and-update.company-information.service.gov.uk/company/13502578,First Floor The White Lion House,London,,N6 5HX,United Kingdom,filed on the UK register for company 13502578 — https://find-and-update.company-information.service.gov.uk/company/13502578,,could not verify: no own-domain website identified,Reiss Family Group Investments Ltd,Person with significant control,ownership of shares 75 to 100 percent; voting rights 75 to 100 percent; right to appoint and remove directors,,,could not verify: no direct line published,,could not verify: no published address found for this firm,"JOSEPH, Simon",Director,2,2025-08-13,"JOSEPH, Simon was appointed a director of REISS FAMILY HOLDINGS LIMITED",filed on the UK register for company 13502578,13502578,companies_house,SFO-1
IVES FAMILY HOLDINGS LIMITED,single_family_office,0.85,UK Persons with Significant Control register names Mr James Ives as controlling IVES FAMILY HOLDINGS LIMITED — https://find-and-update.company-information.service.gov.uk/company/14519807,Ty Newydd,Llanymynech,Powys,SY22 6QJ,United Kingdom,filed on the UK register for company 14519807 — https://find-and-update.company-information.service.gov.uk/company/14519807,,could not verify: no own-domain website identified,Mr James Ives,Person with significant control,ownership of shares 75 to 100 percent; voting rights 75 to 100 percent; right to appoint and remove directors,Ireland,,could not verify: no direct line published,,could not verify: no published address found for this firm,"IVES, Emma Dawn",Director,2,2023-03-01,"IVES, Emma Dawn was appointed a director of IVES FAMILY HOLDINGS LIMITED",filed on the UK register for company 14519807,14519807,companies_house,SFO-1
BRAIN FAMILY HOLDINGS LIMITED,single_family_office,0.85,UK Persons with Significant Control register names Brain Family Investments Limited as controlling BRAIN FAMILY HOLDINGS LIMITED — https://find-and-update.company-information.service.gov.uk/company/15058153,The Hide Hawthorn Lane,Slough,,SL2 3TA,United Kingdom,filed on the UK register for company 15058153 — https://find-and-update.company-information.service.gov.uk/company/15058153,,could not verify: no own-domain website identified,Brain Family Investments Limited,Person with significant control,ownership of shares 25 to 50 percent; voting rights 25 to 50 percent; right to appoint and remove directors,,,could not verify: no direct line published,,could not verify: no published address found for this firm,Mr David Maitland Brain,Person with significant control,2,2023-08-08,"BRAIN, David Maitland was appointed a director of BRAIN FAMILY HOLDINGS LIMITED",filed on the UK register for company 15058153,15058153,companies_house,SFO-1
LANGHAM FAMILY HOLDINGS LIMITED,single_family_office,0.85,UK Persons with Significant Control register names Miss Sophie Olivia Langham as controlling LANGHAM FAMILY HOLDINGS LIMITED — https://find-and-update.company-information.service.gov.uk/company/11638984,C/O Langham Industries Limited,Dorchester,Dorset,DT2 7PZ,United Kingdom,filed on the UK register for company 11638984 — https://find-and-update.company-information.service.gov.uk/company/11638984,,could not verify: no own-domain website identified,Miss Sophie Olivia Langham,Person with significant control,ownership of shares 25 to 50 percent,United Kingdom,,could not verify: no direct line published,,could not verify: no published address found for this firm,Miss Serena Elizabeth Langham,Person with significant control,2,2018-10-23,"LANGHAM, Catherine Elspeth, Mrs. was appointed a director of LANGHAM FAMILY HOLDINGS LIMITED",filed on the UK register for company 11638984,11638984,companies_house,SFO-1
MAY FAMILY HOLDINGS LIMITED,single_family_office,0.85,UK Persons with Significant Control register names Mrs Jill Miranda May as controlling MAY FAMILY HOLDINGS LIMITED — https://find-and-update.company-information.service.gov.uk/company/11638670,C/O Langham Industries Limited,Dorchester,Dorset,DT2 7PZ,United Kingdom,filed on the UK register for company 11638670 — https://find-and-update.company-information.service.gov.uk/company/11638670,,could not verify: no own-domain website identified,Mrs Jill Miranda May,Person with significant control,voting rights 50 to 75 percent,United Kingdom,,could not verify: no direct line published,,could not verify: no published address found for this firm,,,1,2018-10-23,"MAY, Jill Miranda was appointed a director of MAY FAMILY HOLDINGS LIMITED",filed on the UK register for company 11638670,11638670,companies_house,SFO-1
BARNETT FAMILY HOLDINGS LIMITED,single_family_office,0.85,UK Persons with Significant Control register names Mr Joshua Benjamin Barnett as controlling BARNETT FAMILY HOLDINGS LIMITED — https://find-and-update.company-information.service.gov.uk/company/12795539,Lynton House,London,,WC1H 9BQ,United Kingdom,filed on the UK register for company 12795539 — https://find-and-update.company-information.service.gov.uk/company/12795539,,could not verify: no own-domain website identified,Mr Joshua Benjamin Barnett,Person with significant control,ownership of shares 75 to 100 percent; voting rights 75 to 100 percent; right to appoint and remove directors,United Kingdom,,could not verify: no direct line published,,could not verify: no published address found for this firm,,,1,2020-08-06,"BARNETT, Joshua Benjamin was appointed a director of BARNETT FAMILY HOLDINGS LIMITED",filed on the UK register for company 12795539,12795539,companies_house,SFO-1
SEXTON FAMILY HOLDINGS LIMITED,single_family_office,0.85,UK Persons with Significant Control register names Mr Patrick Sexton as controlling SEXTON FAMILY HOLDINGS LIMITED — https://find-and-update.company-information.service.gov.uk/company/15657981,1 Paines Close,Pinner,Middlesex,HA5 3BN,United Kingdom,filed on the UK register for company 15657981 — https://find-and-update.company-information.service.gov.uk/company/15657981,,could not verify: no own-domain website identified,Mr Patrick Sexton,Person with significant control,ownership of shares 50 to 75 percent; voting rights 50 to 75 percent; right to appoint and remove directors,United Kingdom,,could not verify: no direct line published,,could not verify: no published address found for this firm,"SEXTON, David Michael",Director,2,2024-06-20,"SEXTON, David Michael was appointed a director of SEXTON FAMILY HOLDINGS LIMITED",filed on the UK register for company 15657981,15657981,companies_house,SFO-1
LANCERS FAMILY HOLDINGS LTD,single_family_office,0.85,UK Persons with Significant Control register names Mr Andris Lancers as controlling LANCERS FAMILY HOLDINGS LTD — https://find-and-update.company-information.service.gov.uk/company/SC705402,69 Wellington Terrace,Aberdeen,,AB12 3TJ,United Kingdom,filed on the UK register for company SC705402 — https://find-and-update.company-information.service.gov.uk/company/SC705402,,could not verify: no own-domain website identified,Jolanta Boron,Person with significant control,ownership of shares 25 to 50 percent; voting rights 25 to 50 percent,Scotland,,could not verify: no direct line published,,could not verify: no published address found for this firm,Mr Andris Lancers,Person with significant control,1,2021-07-30,"LANCERS, Andris was appointed a director of LANCERS FAMILY HOLDINGS LTD",filed on the UK register for company SC705402,SC705402,companies_house,SFO-1
LLOYD FAMILY HOLDINGS LTD,single_family_office,0.85,UK Persons with Significant Control register names James Lloyd Holdings Ltd as controlling LLOYD FAMILY HOLDINGS LTD — https://find-and-update.company-information.service.gov.uk/company/15160048,42 Towerfield Road,Shoeburyness,Essex,SS3 9QT,United Kingdom,filed on the UK register for company 15160048 — https://find-and-update.company-information.service.gov.uk/company/15160048,,could not verify: no own-domain website identified,James Lloyd Holdings Ltd,Person with significant control,ownership of shares 25 to 50 percent as firm; voting rights 25 to 50 percent as firm,,,could not verify: no direct line published,,could not verify: no published address found for this firm,Miss Kathryn Roma Lloyd,Person with significant control,3,2023-09-23,"LLOYD, James Charles Edward was appointed a director of LLOYD FAMILY HOLDINGS LTD",filed on the UK register for company 15160048,15160048,companies_house,SFO-1
BARRETT FAMILY HOLDINGS LIMITED,single_family_office,0.85,UK Persons with Significant Control register names Mrs Sarah Claudia Barrett as controlling BARRETT FAMILY HOLDINGS LIMITED — https://find-and-update.company-information.service.gov.uk/company/07790616,Armour House,Thatcham,Berkshire,RG19 4PD,United Kingdom,filed on the UK register for company 07790616 — https://find-and-update.company-information.service.gov.uk/company/07790616,,could not verify: no own-domain website identified,Mrs Sarah Claudia Barrett,Person with significant control,ownership of shares 50 to 75 percent as trust; voting rights 50 to 75 percent as trust,United Kingdom,,could not verify: no direct line published,,could not verify: no published address found for this firm,Mr David William Jermyn Barrett,Person with significant control,5,2024-10-24,"BARRETT, Thomas Daniel Claude was appointed a director of BARRETT FAMILY HOLDINGS LIMITED",filed on the UK register for company 07790616,07790616,companies_house,SFO-1
WEST FAMILY HOLDINGS LTD,single_family_office,0.85,UK Persons with Significant Control register names Mr James Robert West as controlling WEST FAMILY HOLDINGS LTD — https://find-and-update.company-information.service.gov.uk/company/13790774,The Red Ridge Centre The Red Ridge Centre,Welshpool,Powys,SY21 0AZ,United Kingdom,filed on the UK register for company 13790774 — https://find-and-update.company-information.service.gov.uk/company/13790774,,could not verify: no own-domain website identified,Mr James Robert West,Person with significant control,ownership of shares 25 to 50 percent; voting rights 25 to 50 percent; right to appoint and remove directors,England,,could not verify: no direct line published,,could not verify: no published address found for this firm,Mrs Ruth Helen West,Person with significant control,1,2021-12-09,"WEST, James Robert was appointed a director of WEST FAMILY HOLDINGS LTD",filed on the UK register for company 13790774,13790774,companies_house,SFO-1
ALEXANDER FAMILY HOLDINGS LTD.,single_family_office,0.85,UK Persons with Significant Control register names Mr Costas Alexander as controlling ALEXANDER FAMILY HOLDINGS LTD. — https://find-and-update.company-information.service.gov.uk/company/03419689,12 Brookdale,London,London,N11 1BL,United Kingdom,filed on the UK register for company 03419689 — https://find-and-update.company-information.service.gov.uk/company/03419689,,could not verify: no own-domain website identified,Mr Costas Alexander,Person with significant control,ownership of shares 50 to 75 percent; voting rights 50 to 75 percent,England,,could not verify: no direct line published,,could not verify: no published address found for this firm,Mrs Sheila Mary Alexander,Person with significant control,6,2017-11-01,"ALEXANDER, Anthony John was appointed a director of ALEXANDER FAMILY HOLDINGS LTD.",filed on the UK register for company 03419689,03419689,companies_house,SFO-1
GRANT FAMILY HOLDINGS LIMITED,single_family_office,0.85,UK Persons with Significant Control register names The Estate Of Mr Roger Lloyd Jamie Grant (Dec'D) as controlling GRANT FAMILY HOLDINGS LIMITED — https://find-and-update.company-information.service.gov.uk/company/09657170,325-327 Oldfield Lane North,Greenford,Middlesex,UB6 0FX,United Kingdom,filed on the UK register for company 09657170 — https://find-and-update.company-information.service.gov.uk/company/09657170,,could not verify: no own-domain website identified,The Estate Of Mr Roger Lloyd Jamie Grant (Dec'D),Person with significant control,ownership of shares 25 to 50 percent as trust; voting rights 25 to 50 percent as trust,England,,could not verify: no direct line published,,could not verify: no published address found for this firm,Ms Katy Rachel Grant,Person with significant control,2,2022-09-07,"GRANT, Katy Rachel was appointed a director of GRANT FAMILY HOLDINGS LIMITED",filed on the UK register for company 09657170,09657170,companies_house,SFO-1
DALZIEL FAMILY HOLDINGS LIMITED,single_family_office,0.85,UK Persons with Significant Control register names Mr Robert Stephen Dalziel as controlling DALZIEL FAMILY HOLDINGS LIMITED — https://find-and-update.company-information.service.gov.uk/company/04397963,Swinford House,Brierley Hill,West Midlands,DY5 3EE,United Kingdom,filed on the UK register for company 04397963 — https://find-and-update.company-information.service.gov.uk/company/04397963,,could not verify: no own-domain website identified,Mr Robert Stephen Dalziel,Person with significant control,ownership of shares 25 to 50 percent; voting rights 25 to 50 percent,England,,could not verify: no direct line published,,could not verify: no published address found for this firm,Mrs Jennifer Dalziel,Person with significant control,1,2002-03-19,"DALZIEL, Robert Stephen was appointed a director of DALZIEL FAMILY HOLDINGS LIMITED",filed on the UK register for company 04397963,04397963,companies_house,SFO-1
BURGAN FAMILY HOLDINGS LIMITED,single_family_office,0.85,UK Persons with Significant Control register names Mr Philip John Burgan as controlling BURGAN FAMILY HOLDINGS LIMITED — https://find-and-update.company-information.service.gov.uk/company/13997741,Westcourt Gelderd Road,West Yorkshire,,LS12 6DB,United Kingdom,filed on the UK register for company 13997741 — https://find-and-update.company-information.service.gov.uk/company/13997741,,could not verify: no own-domain website identified,Mr Philip John Burgan,Person with significant control,ownership of shares 75 to 100 percent; voting rights 75 to 100 percent,United Kingdom,,could not verify: no direct line published,,could not verify: no published address found for this firm,,,1,2022-03-23,"BURGAN, Philip John was appointed a director of BURGAN FAMILY HOLDINGS LIMITED",filed on the UK register for company 13997741,13997741,companies_house,SFO-1
JOHN S. PIRRIE & FAMILY HOLDINGS LIMITED,single_family_office,0.85,UK Persons with Significant Control register names Mr John Syme Pirrie as controlling JOHN S. PIRRIE & FAMILY HOLDINGS LIMITED — https://find-and-update.company-information.service.gov.uk/company/SC533193,221 West George Street,Glasgow,,G2 2ND,United Kingdom,filed on the UK register for company SC533193 — https://find-and-update.company-information.service.gov.uk/company/SC533193,,could not verify: no own-domain website identified,Mr John Syme Pirrie,Person with significant control,voting rights 25 to 50 percent,United States,,could not verify: no direct line published,,could not verify: no published address found for this firm,Mrs Lynne Sara Pirrie,Person with significant control,2,2016-11-29,"PIRRIE, John Syme was appointed a director of JOHN S. PIRRIE & FAMILY HOLDINGS LIMITED",filed on the UK register for company SC533193,SC533193,companies_house,SFO-1
KEY FAMILY HOLDINGS LIMITED,single_family_office,0.85,"UK Persons with Significant Control register names KEY, Antony John as controlling KEY FAMILY HOLDINGS LIMITED — https://find-and-update.company-information.service.gov.uk/company/02257387",Graphic House,Stoke-On-Trent,,ST4 2PH,United Kingdom,filed on the UK register for company 02257387 — https://find-and-update.company-information.service.gov.uk/company/02257387,,could not verify: no own-domain website identified,Ms Josephine Jane Scragg,Person with significant control,ownership of shares 25 to 50 percent; voting rights 25 to 50 percent,England,,could not verify: no direct line published,,could not verify: no published address found for this firm,"KEY, Antony John",Director,0,,,,02257387,companies_house,SFO-1
MALHOTRA FAMILY HOLDINGS LIMITED,single_family_office,0.85,UK Persons with Significant Control register names Malhotra Holdings Limited as controlling MALHOTRA FAMILY HOLDINGS LIMITED — https://find-and-update.company-information.service.gov.uk/company/07918146,Malhotra House,Newcastle Upon Tyne,,NE1 6AE,United Kingdom,filed on the UK register for company 07918146 — https://find-and-update.company-information.service.gov.uk/company/07918146,,could not verify: no own-domain website identified,Nivaaytu Holdings Limited,Person with significant control,ownership of shares 50 to 75 percent; voting rights 50 to 75 percent; right to appoint and remove directors,,,could not verify: no direct line published,,could not verify: no published address found for this firm,Malhotra Holdings Limited,Person with significant control,5,2021-05-01,"ELLIOTT, David John was appointed a director of MALHOTRA FAMILY HOLDINGS LIMITED",filed on the UK register for company 07918146,07918146,companies_house,SFO-1
VEITCH FAMILY HOLDINGS LIMITED,single_family_office,0.85,UK Persons with Significant Control register names Mr Nicholas James Veitch as controlling VEITCH FAMILY HOLDINGS LIMITED — https://find-and-update.company-information.service.gov.uk/company/01847361,The Old Vicarage,Bath,,BA2 7DU,United Kingdom,filed on the UK register for company 01847361 — https://find-and-update.company-information.service.gov.uk/company/01847361,,could not verify: no own-domain website identified,Mr Nicholas James Veitch,Person with significant control,ownership of shares 25 to 50 percent,England,,could not verify: no direct line published,,could not verify: no published address found for this firm,"VEITCH, Colin Russell",Director,0,,,,01847361,companies_house,SFO-1
JECKELL FAMILY CAPITAL LTD,single_family_office,0.85,UK Persons with Significant Control register names Mr Rory Fraser Jeckell as controlling JECKELL FAMILY CAPITAL LTD — https://find-and-update.company-information.service.gov.uk/company/13916919,25 Bracken Rise,Brandon,,IP27 0SX,United Kingdom,filed on the UK register for company 13916919 — https://find-and-update.company-information.service.gov.uk/company/13916919,,could not verify: no own-domain website identified,Mr Rory Fraser Jeckell,Person with significant control,ownership of shares 25 to 50 percent; voting rights 25 to 50 percent; right to appoint and remove directors,England,,could not verify: no direct line published,,could not verify: no published address found for this firm,Mrs Vikki Jeckell,Person with significant control,2,2022-04-06,"JECKELL, Rory Fraser was appointed a director of JECKELL FAMILY CAPITAL LTD",filed on the UK register for company 13916919,13916919,companies_house,SFO-1
ALI LEGACY CAPITAL LTD,single_family_office,0.85,UK Persons with Significant Control register names Anfor Ali as controlling ALI LEGACY CAPITAL LTD — https://find-and-update.company-information.service.gov.uk/company/10751826,1 Beechfield,Hoddesdon,Herts,EN11 9QH,United Kingdom,filed on the UK register for company 10751826 — https://find-and-update.company-information.service.gov.uk/company/10751826,,could not verify: no own-domain website identified,Anfor Ali,Person with significant control,ownership of shares 75 to 100 percent; voting rights 75 to 100 percent; right to appoint and remove directors,United Kingdom,,could not verify: no direct line published,,could not verify: no published address found for this firm,"ALI, Mujahid",Director,2,2026-05-11,"ALI, Mujahid was appointed a director of ALI LEGACY CAPITAL LTD",filed on the UK register for company 10751826,10751826,companies_house,SFO-1
NEWMAN HERITAGE LIMITED,single_family_office,0.85,UK Persons with Significant Control register names Ms Jayne Newman-Hatton as controlling NEWMAN HERITAGE LIMITED — https://find-and-update.company-information.service.gov.uk/company/13222383,Umberslade Hall,Solihull,West Midlands,B94 5DF,United Kingdom,filed on the UK register for company 13222383 — https://find-and-update.company-information.service.gov.uk/company/13222383,,could not verify: no own-domain website identified,Mrs Beverly Arron,Person with significant control,voting rights 75 to 100 percent; right to appoint and remove directors,England,,could not verify: no direct line published,,could not verify: no published address found for this firm,Mr Ian Walter Elliott,Person with significant control,5,2021-02-24,"ARRON, Beverly was appointed a director of NEWMAN HERITAGE LIMITED",filed on the UK register for company 13222383,13222383,companies_house,SFO-1
RICHARDS HERITAGE COLLECTION LIMITED,single_family_office,0.85,UK Persons with Significant Control register names Richards Family Holdings Limited as controlling RICHARDS HERITAGE COLLECTION LIMITED — https://find-and-update.company-information.service.gov.uk/company/15062968,Prodrive Headquarters,Banbury,Oxfordshire,OX16 4XD,United Kingdom,filed on the UK register for company 15062968 — https://find-and-update.company-information.service.gov.uk/company/15062968,,could not verify: no own-domain website identified,Richards Family Holdings Limited,Person with significant control,ownership of shares 75 to 100 percent; voting rights 75 to 100 percent; right to appoint and remove directors,,,could not verify: no direct line published,,could not verify: no published address found for this firm,"RICHARDS, David Pender",Director,2,2023-08-10,"RICHARDS, David Pender was appointed a director of RICHARDS HERITAGE COLLECTION LIMITED",filed on the UK register for company 15062968,15062968,companies_house,SFO-1
BODEN RAIL HERITAGE SUPPLIES LIMITED,single_family_office,0.85,UK Persons with Significant Control register names Mr Neil Robert Boden as controlling BODEN RAIL HERITAGE SUPPLIES LIMITED — https://find-and-update.company-information.service.gov.uk/company/14578402,165 Nuncargate Road Kirkby In Ashfield,Nottingham,,NG17 9EL,United Kingdom,filed on the UK register for company 14578402 — https://find-and-update.company-information.service.gov.uk/company/14578402,,could not verify: no own-domain website identified,Mr Neil Robert Boden,Person with significant control,ownership of shares 75 to 100 percent; voting rights 75 to 100 percent,England,,could not verify: no direct line published,,could not verify: no published address found for this firm,,,1,2023-01-09,"BODEN, Neil Robert was appointed a director of BODEN RAIL HERITAGE SUPPLIES LIMITED",filed on the UK register for company 14578402,14578402,companies_house,SFO-1
LATCHUM HERITAGE WEALTH MANAGEMENT LTD,single_family_office,0.85,UK Persons with Significant Control register names Mr Martin Latchum as controlling LATCHUM HERITAGE WEALTH MANAGEMENT LTD — https://find-and-update.company-information.service.gov.uk/company/14399266,2 Bluebell Close,Chorley,Lancashire,PR6 7RU,United Kingdom,filed on the UK register for company 14399266 — https://find-and-update.company-information.service.gov.uk/company/14399266,,could not verify: no own-domain website identified,Mr Martin Latchum,Person with significant control,ownership of shares 75 to 100 percent; voting rights 75 to 100 percent,England,,could not verify: no direct line published,,could not verify: no published address found for this firm,,,1,2022-10-05,"LATCHUM, Martin was appointed a director of LATCHUM HERITAGE WEALTH MANAGEMENT LTD",filed on the UK register for company 14399266,14399266,companies_house,SFO-1
SMITH FAMILY TRUST CORPORATION LIMITED,single_family_office,0.85,UK Persons with Significant Control register names Mr Henry Thomas Smith as controlling SMITH FAMILY TRUST CORPORATION LIMITED — https://find-and-update.company-information.service.gov.uk/company/09738826,1st Floor Cordy House,London,,EC2A 3BS,United Kingdom,filed on the UK register for company 09738826 — https://find-and-update.company-information.service.gov.uk/company/09738826,,could not verify: no own-domain website identified,Mr Henry Thomas Smith,Person with significant control,ownership of shares 75 to 100 percent as trust,England,,could not verify: no direct line published,,could not verify: no published address found for this firm,"QUAIL, Laurence Richard",Director,5,2026-04-01,"QUAIL, Laurence Richard was appointed a director of SMITH FAMILY TRUST CORPORATION LIMITED",filed on the UK register for company 09738826,09738826,companies_house,SFO-1
SCHEINER FAMILY TRUST LIMITED(THE),single_family_office,0.85,UK Persons with Significant Control register names Mrs Edith Scheiner as controlling SCHEINER FAMILY TRUST LIMITED(THE) — https://find-and-update.company-information.service.gov.uk/company/01331161,2 Leman Street,London,,E1W 9US,United Kingdom,filed on the UK register for company 01331161 — https://find-and-update.company-information.service.gov.uk/company/01331161,,could not verify: no own-domain website identified,Mrs Edith Scheiner,Person with significant control,voting rights 75 to 100 percent; right to appoint and remove directors,England,,could not verify: no direct line published,,could not verify: no published address found for this firm,"SCHEINER, Marcel Solomon",Director,1,2002-06-06,"SCHEINER, Marcel Solomon was appointed a director of SCHEINER FAMILY TRUST LIMITED(THE)",filed on the UK register for company 01331161,01331161,companies_house,SFO-1
MCGINLEY FAMILY CHARITABLE TRUST,single_family_office,0.85,UK Persons with Significant Control register names Mr Eoin Christopher Mcginley as controlling MCGINLEY FAMILY CHARITABLE TRUST — https://find-and-update.company-information.service.gov.uk/company/11065001,5 Beauchamp Court,Barnet,London,EN5 5TZ,United Kingdom,filed on the UK register for company 11065001 — https://find-and-update.company-information.service.gov.uk/company/11065001,,could not verify: no own-domain website identified,Mr Eoin Christopher Mcginley,Person with significant control,voting rights 25 to 50 percent,England,,could not verify: no direct line published,,could not verify: no published address found for this firm,Mr Seamus Patrick Mcginley,Person with significant control,2,2018-05-31,"MCGINLEY, Eoin Christopher was appointed a director of MCGINLEY FAMILY CHARITABLE TRUST",filed on the UK register for company 11065001,11065001,companies_house,SFO-1